Date,HR1,HRM,TOCO
2026-05-12 11:52:35.052,135.0,95.0,9.0
2026-05-12 11:52:36.052,135.76,95.09,9.11
2026-05-12 11:52:37.052,136.52,95.17,9.22
2026-05-12 11:52:38.052,137.25,95.26,9.33
2026-05-12 11:52:39.052,137.97,95.34,9.44
2026-05-12 11:52:40.052,138.65,95.42,9.55
2026-05-12 11:52:41.052,139.29,95.51,9.65
2026-05-12 11:52:42.052,139.88,95.59,9.76
2026-05-12 11:52:43.052,140.42,95.68,9.86
2026-05-12 11:52:44.052,140.91,95.76,9.96
2026-05-12 11:52:45.052,141.33,95.84,10.05
2026-05-12 11:52:46.052,141.68,95.93,10.15
2026-05-12 11:52:47.052,141.96,96.01,10.24
2026-05-12 11:52:48.052,142.17,96.09,10.32
2026-05-12 11:52:49.052,142.31,96.17,10.4
2026-05-12 11:52:50.052,142.37,96.26,10.48
2026-05-12 11:52:51.052,142.35,96.34,10.55
2026-05-12 11:52:52.052,142.26,96.42,10.62
2026-05-12 11:52:53.052,142.1,96.49,10.68
2026-05-12 11:52:54.052,141.87,96.57,10.74
2026-05-12 11:52:55.052,141.58,96.65,10.79
2026-05-12 11:52:56.052,141.22,96.73,10.84
2026-05-12 11:52:57.052,140.81,96.8,10.88
2026-05-12 11:52:58.052,140.35,96.88,10.91
2026-05-12 11:52:59.052,139.84,96.95,10.94
2026-05-12 11:53:00.052,139.3,97.03,10.97
2026-05-12 11:53:01.052,138.73,97.1,10.98
2026-05-12 11:53:02.052,138.14,97.17,10.99
2026-05-12 11:53:03.052,137.54,97.24,11.0
2026-05-12 11:53:04.052,136.93,97.31,11.0
2026-05-12 11:53:05.052,136.33,97.38,10.99
2026-05-12 11:53:06.052,135.73,97.45,10.98
2026-05-12 11:53:07.052,135.16,97.52,10.96
2026-05-12 11:53:08.052,134.62,97.58,10.93
2026-05-12 11:53:09.052,134.1,97.65,10.9
2026-05-12 11:53:10.052,133.63,97.71,10.86
2026-05-12 11:53:11.052,133.21,97.77,10.82
2026-05-12 11:53:12.052,132.84,97.83,10.77
2026-05-12 11:53:13.052,132.53,97.89,10.72
2026-05-12 11:53:14.052,132.28,97.95,10.66
2026-05-12 11:53:15.052,132.1,98.01,10.59
2026-05-12 11:53:16.052,131.98,98.06,10.52
2026-05-12 11:53:17.052,131.94,98.12,10.45
2026-05-12 11:53:18.052,131.96,98.17,10.37
2026-05-12 11:53:19.052,132.06,98.22,10.28
2026-05-12 11:53:20.052,132.23,98.27,10.2
2026-05-12 11:53:21.052,132.46,98.32,10.11
2026-05-12 11:53:22.052,132.76,98.37,10.01
2026-05-12 11:53:23.052,133.12,98.41,9.91
2026-05-12 11:53:24.052,133.54,98.45,9.81
2026-05-12 11:53:25.052,134.01,98.5,9.71
2026-05-12 11:53:26.052,134.52,98.54,9.61
2026-05-12 11:53:27.052,135.08,98.58,9.5
2026-05-12 11:53:28.052,135.67,98.61,9.39
2026-05-12 11:53:29.052,136.28,98.65,9.28
2026-05-12 11:53:30.052,136.91,98.68,9.17
2026-05-12 11:53:31.052,137.55,98.72,9.06
2026-05-12 11:53:32.052,138.19,98.75,8.95
2026-05-12 11:53:33.052,138.83,98.78,8.84
2026-05-12 11:53:34.052,139.45,98.8,8.73
2026-05-12 11:53:35.052,140.05,98.83,8.62
2026-05-12 11:53:36.052,140.61,98.85,8.51
2026-05-12 11:53:37.052,141.14,98.87,8.4
2026-05-12 11:53:38.052,141.63,98.89,8.3
2026-05-12 11:53:39.052,142.06,98.91,8.2
2026-05-12 11:53:40.052,142.44,98.93,8.1
2026-05-12 11:53:41.052,142.75,98.94,8.0
2026-05-12 11:53:42.052,143.0,98.96,7.9
2026-05-12 11:53:43.052,143.17,98.97,7.81
2026-05-12 11:53:44.052,143.27,98.98,7.72
2026-05-12 11:53:45.052,143.3,98.99,7.64
2026-05-12 11:53:46.052,143.25,98.99,7.56
2026-05-12 11:53:47.052,143.13,99.0,7.49
2026-05-12 11:53:48.052,142.93,99.0,7.42
2026-05-12 11:53:49.052,142.65,99.0,7.35
2026-05-12 11:53:50.052,142.31,99.0,7.29
2026-05-12 11:53:51.052,141.89,99.0,7.24
2026-05-12 11:53:52.052,141.42,98.99,7.19
2026-05-12 11:53:53.052,140.88,98.98,7.14
2026-05-12 11:53:54.052,140.29,98.98,7.1
2026-05-12 11:53:55.052,139.66,98.97,7.07
2026-05-12 11:53:56.052,138.99,98.95,7.04
2026-05-12 11:53:57.052,138.28,98.94,7.02
2026-05-12 11:53:58.052,137.55,98.92,7.01
2026-05-12 11:53:59.052,136.8,98.91,7.0
2026-05-12 11:54:00.052,136.05,98.89,7.0
2026-05-12 11:54:01.052,135.3,98.87,7.0
2026-05-12 11:54:02.052,134.55,98.84,7.01
2026-05-12 11:54:03.052,133.82,98.82,7.03
2026-05-12 11:54:04.052,133.12,98.79,7.05
2026-05-12 11:54:05.052,132.44,98.77,7.08
2026-05-12 11:54:06.052,131.81,98.74,7.12
2026-05-12 11:54:07.052,131.23,98.7,7.16
2026-05-12 11:54:08.052,130.69,98.67,7.2
2026-05-12 11:54:09.052,130.22,98.64,7.25
2026-05-12 11:54:10.052,129.8,98.6,7.31
2026-05-12 11:54:11.052,129.46,98.56,7.37
2026-05-12 11:54:12.052,129.18,98.52,7.44
2026-05-12 11:54:13.052,128.98,98.48,7.51
2026-05-12 11:54:14.052,128.84,98.44,7.59
2026-05-12 11:54:15.052,128.79,98.4,7.67
2026-05-12 11:54:16.052,128.8,98.35,7.75
2026-05-12 11:54:17.052,128.89,98.3,7.84
2026-05-12 11:54:18.052,129.05,98.25,7.94
2026-05-12 11:54:19.052,129.28,98.2,8.03
2026-05-12 11:54:20.052,129.57,98.15,8.13
2026-05-12 11:54:21.052,129.92,98.1,8.23
2026-05-12 11:54:22.052,130.32,98.04,8.34
2026-05-12 11:54:23.052,130.77,97.99,8.44
2026-05-12 11:54:24.052,131.26,97.93,8.55
2026-05-12 11:54:25.052,131.79,97.87,8.66
2026-05-12 11:54:26.052,132.34,97.81,8.77
2026-05-12 11:54:27.052,132.91,97.75,8.88
2026-05-12 11:54:28.052,133.49,97.69,8.99
2026-05-12 11:54:29.052,134.07,97.63,9.1
2026-05-12 11:54:30.052,134.64,97.56,9.21
2026-05-12 11:54:31.052,135.21,97.49,9.32
2026-05-12 11:54:32.052,135.75,97.43,9.43
2026-05-12 11:54:33.052,136.26,97.36,9.54
2026-05-12 11:54:34.052,136.73,97.29,9.64
2026-05-12 11:54:35.052,137.16,97.22,9.75
2026-05-12 11:54:36.052,137.55,97.15,9.85
2026-05-12 11:54:37.052,137.87,97.08,9.95
2026-05-12 11:54:38.052,138.14,97.0,10.05
2026-05-12 11:54:39.052,138.35,96.93,10.14
2026-05-12 11:54:40.052,138.48,96.85,10.23
2026-05-12 11:54:41.052,138.55,96.78,10.31
2026-05-12 11:54:42.052,138.55,96.7,10.4
2026-05-12 11:54:43.052,138.47,96.62,10.47
2026-05-12 11:54:44.052,138.33,96.55,10.55
2026-05-12 11:54:45.052,138.11,96.47,10.61
2026-05-12 11:54:46.052,137.83,96.39,10.68
2026-05-12 11:54:47.052,137.48,96.31,10.73
2026-05-12 11:54:48.052,137.07,96.23,10.79
2026-05-12 11:54:49.052,136.61,96.15,10.83
2026-05-12 11:54:50.052,136.09,96.06,10.88
2026-05-12 11:54:51.052,135.53,95.98,10.91
2026-05-12 11:54:52.052,134.93,95.9,10.94
2026-05-12 11:54:53.052,134.3,95.82,10.97
2026-05-12 11:54:54.052,133.64,95.73,10.98
2026-05-12 11:54:55.052,132.97,95.65,10.99
2026-05-12 11:54:56.052,132.29,95.56,11.0
2026-05-12 11:54:57.052,131.61,95.48,11.0
2026-05-12 11:54:58.052,130.94,95.4,11.06
2026-05-12 11:54:59.052,130.28,95.31,11.27
2026-05-12 11:55:00.052,129.65,95.23,11.6
2026-05-12 11:55:01.052,129.05,95.14,12.07
2026-05-12 11:55:02.052,128.49,95.06,12.67
2026-05-12 11:55:03.052,127.98,94.97,13.4
2026-05-12 11:55:04.052,127.52,94.89,14.24
2026-05-12 11:55:05.052,127.11,94.8,15.2
2026-05-12 11:55:06.052,126.77,94.72,16.27
2026-05-12 11:55:07.052,126.5,94.63,17.44
2026-05-12 11:55:08.052,126.31,94.55,18.7
2026-05-12 11:55:09.052,126.18,94.46,20.04
2026-05-12 11:55:10.052,126.13,94.38,21.46
2026-05-12 11:55:11.052,126.16,94.29,22.94
2026-05-12 11:55:12.052,126.27,94.21,24.47
2026-05-12 11:55:13.052,126.45,94.13,26.05
2026-05-12 11:55:14.052,126.7,94.04,27.66
2026-05-12 11:55:15.052,127.03,93.96,29.29
2026-05-12 11:55:16.052,127.42,93.88,30.92
2026-05-12 11:55:17.052,127.88,93.8,32.56
2026-05-12 11:55:18.052,128.4,93.72,34.18
2026-05-12 11:55:19.052,128.97,93.64,35.77
2026-05-12 11:55:20.052,129.58,93.56,37.33
2026-05-12 11:55:21.052,130.23,93.48,38.84
2026-05-12 11:55:22.052,130.92,93.4,40.29
2026-05-12 11:55:23.052,131.63,93.32,41.67
2026-05-12 11:55:24.052,132.35,93.25,42.97
2026-05-12 11:55:25.052,133.09,93.17,44.18
2026-05-12 11:55:26.052,133.82,93.09,45.3
2026-05-12 11:55:27.052,134.54,93.02,46.31
2026-05-12 11:55:28.052,135.25,92.95,47.21
2026-05-12 11:55:29.052,135.93,92.87,47.99
2026-05-12 11:55:30.052,136.58,92.8,48.65
2026-05-12 11:55:31.052,137.18,92.73,49.17
2026-05-12 11:55:32.052,137.75,92.66,49.56
2026-05-12 11:55:33.052,138.26,92.59,49.82
2026-05-12 11:55:34.052,138.71,92.53,49.94
2026-05-12 11:55:35.052,139.1,92.46,49.91
2026-05-12 11:55:36.052,139.43,92.39,49.75
2026-05-12 11:55:37.052,139.68,92.33,49.45
2026-05-12 11:55:38.052,139.86,92.27,49.01
2026-05-12 11:55:39.052,139.98,92.21,48.43
2026-05-12 11:55:40.052,140.01,92.15,47.72
2026-05-12 11:55:41.052,139.98,92.09,46.89
2026-05-12 11:55:42.052,139.88,92.03,45.94
2026-05-12 11:55:43.052,139.7,91.97,44.87
2026-05-12 11:55:44.052,139.46,91.92,43.69
2026-05-12 11:55:45.052,139.16,91.86,42.41
2026-05-12 11:55:46.052,138.81,91.81,41.04
2026-05-12 11:55:47.052,138.4,91.76,39.59
2026-05-12 11:55:48.052,137.95,91.71,38.07
2026-05-12 11:55:49.052,137.46,91.66,36.48
2026-05-12 11:55:50.052,136.93,91.62,34.84
2026-05-12 11:55:51.052,136.39,91.57,33.17
2026-05-12 11:55:52.052,135.83,91.53,31.46
2026-05-12 11:55:53.052,135.26,91.49,29.73
2026-05-12 11:55:54.052,134.69,91.45,28.0
2026-05-12 11:55:55.052,134.13,91.41,26.28
2026-05-12 11:55:56.052,133.58,91.37,24.57
2026-05-12 11:55:57.052,133.06,91.34,22.9
2026-05-12 11:55:58.052,132.58,91.31,21.26
2026-05-12 11:55:59.052,132.13,91.27,19.68
2026-05-12 11:56:00.052,131.72,91.24,18.16
2026-05-12 11:56:01.052,131.37,91.22,16.71
2026-05-12 11:56:02.052,131.07,91.19,15.35
2026-05-12 11:56:03.052,130.84,91.16,14.08
2026-05-12 11:56:04.052,130.67,91.14,12.92
2026-05-12 11:56:05.052,130.57,91.12,11.86
2026-05-12 11:56:06.052,130.54,91.1,10.92
2026-05-12 11:56:07.052,130.58,91.08,10.11
2026-05-12 11:56:08.052,130.7,91.06,9.43
2026-05-12 11:56:09.052,130.88,91.05,8.88
2026-05-12 11:56:10.052,131.14,91.04,8.48
2026-05-12 11:56:11.052,131.46,91.03,8.21
2026-05-12 11:56:12.052,131.85,91.02,8.09
2026-05-12 11:56:13.052,132.3,91.01,8.12
2026-05-12 11:56:14.052,132.81,91.01,8.22
2026-05-12 11:56:15.052,133.37,91.0,8.33
2026-05-12 11:56:16.052,133.97,91.0,8.43
2026-05-12 11:56:17.052,134.61,91.0,8.54
2026-05-12 11:56:18.052,135.28,91.0,8.65
2026-05-12 11:56:19.052,135.98,91.01,8.76
2026-05-12 11:56:20.052,136.69,91.01,8.87
2026-05-12 11:56:21.052,137.41,91.02,8.98
2026-05-12 11:56:22.052,138.12,91.03,9.09
2026-05-12 11:56:23.052,138.83,91.04,9.2
2026-05-12 11:56:24.052,139.52,91.05,9.31
2026-05-12 11:56:25.052,140.18,91.07,9.42
2026-05-12 11:56:26.052,140.81,91.08,9.53
2026-05-12 11:56:27.052,141.4,91.1,9.63
2026-05-12 11:56:28.052,141.95,91.12,9.74
2026-05-12 11:56:29.052,142.44,91.14,9.84
2026-05-12 11:56:30.052,142.87,91.16,9.94
2026-05-12 11:56:31.052,143.23,91.19,10.04
2026-05-12 11:56:32.052,143.53,91.22,10.13
2026-05-12 11:56:33.052,143.75,91.24,10.22
2026-05-12 11:56:34.052,143.9,91.27,10.31
2026-05-12 11:56:35.052,143.98,91.31,10.39
2026-05-12 11:56:36.052,143.97,91.34,10.47
2026-05-12 11:56:37.052,143.89,91.38,10.54
2026-05-12 11:56:38.052,143.74,91.41,10.61
2026-05-12 11:56:39.052,143.51,91.45,10.67
2026-05-12 11:56:40.052,143.21,91.49,10.73
2026-05-12 11:56:41.052,142.84,91.53,10.78
2026-05-12 11:56:42.052,142.41,91.58,10.83
2026-05-12 11:56:43.052,141.92,91.62,10.87
2026-05-12 11:56:44.052,141.38,91.67,10.91
2026-05-12 11:56:45.052,140.79,91.71,10.94
2026-05-12 11:56:46.052,140.17,91.76,10.96
2026-05-12 11:56:47.052,139.51,91.81,10.98
2026-05-12 11:56:48.052,138.83,91.87,10.99
2026-05-12 11:56:49.052,138.14,91.92,11.0
2026-05-12 11:56:50.052,137.44,91.97,11.0
2026-05-12 11:56:51.052,136.74,92.03,10.99
2026-05-12 11:56:52.052,136.05,92.09,10.98
2026-05-12 11:56:53.052,135.38,92.15,10.96
2026-05-12 11:56:54.052,134.74,92.21,10.94
2026-05-12 11:56:55.052,134.12,92.27,10.91
2026-05-12 11:56:56.052,133.55,92.33,10.87
2026-05-12 11:56:57.052,133.03,92.4,10.83
2026-05-12 11:56:58.052,132.55,92.46,10.78
2026-05-12 11:56:59.052,132.13,92.53,10.73
2026-05-12 11:57:00.052,131.78,92.6,10.67
2026-05-12 11:57:01.052,131.49,92.66,10.6
2026-05-12 11:57:02.052,131.27,92.73,10.53
2026-05-12 11:57:03.052,131.12,92.8,10.46
2026-05-12 11:57:04.052,131.04,92.88,10.38
2026-05-12 11:57:05.052,131.04,92.95,10.3
2026-05-12 11:57:06.052,131.1,93.02,10.21
2026-05-12 11:57:07.052,131.24,93.1,10.12
2026-05-12 11:57:08.052,131.44,93.17,10.03
2026-05-12 11:57:09.052,131.7,93.25,9.93
2026-05-12 11:57:10.052,132.03,93.32,9.83
2026-05-12 11:57:11.052,132.41,93.4,9.73
2026-05-12 11:57:12.052,132.84,93.48,9.63
2026-05-12 11:57:13.052,133.31,93.56,9.52
2026-05-12 11:57:14.052,133.81,93.64,9.41
2026-05-12 11:57:15.052,134.35,93.72,9.3
2026-05-12 11:57:16.052,134.9,93.8,9.19
2026-05-12 11:57:17.052,135.47,93.88,9.08
2026-05-12 11:57:18.052,136.05,93.96,8.97
2026-05-12 11:57:19.052,136.62,94.05,8.86
2026-05-12 11:57:20.052,137.18,94.13,8.75
2026-05-12 11:57:21.052,137.72,94.21,8.64
2026-05-12 11:57:22.052,138.23,94.3,8.53
2026-05-12 11:57:23.052,138.71,94.38,8.42
2026-05-12 11:57:24.052,139.15,94.46,8.32
2026-05-12 11:57:25.052,139.54,94.55,8.22
2026-05-12 11:57:26.052,139.88,94.63,8.11
2026-05-12 11:57:27.052,140.16,94.72,8.02
2026-05-12 11:57:28.052,140.37,94.8,7.92
2026-05-12 11:57:29.052,140.52,94.89,7.83
2026-05-12 11:57:30.052,140.6,94.97,7.74
2026-05-12 11:57:31.052,140.6,95.06,7.66
2026-05-12 11:57:32.052,140.53,95.14,7.58
2026-05-12 11:57:33.052,140.39,95.23,7.5
2026-05-12 11:57:34.052,140.18,95.31,7.43
2026-05-12 11:57:35.052,139.89,95.4,7.36
2026-05-12 11:57:36.052,139.54,95.48,7.3
2026-05-12 11:57:37.052,139.12,95.57,7.25
2026-05-12 11:57:38.052,138.64,95.65,7.2
2026-05-12 11:57:39.052,138.1,95.74,7.15
2026-05-12 11:57:40.052,137.51,95.82,7.11
2026-05-12 11:57:41.052,136.88,95.9,7.08
2026-05-12 11:57:42.052,136.21,95.98,7.05
2026-05-12 11:57:43.052,135.51,96.07,7.03
2026-05-12 11:57:44.052,134.78,96.15,7.01
2026-05-12 11:57:45.052,134.04,96.23,7.0
2026-05-12 11:57:46.052,133.3,96.31,7.0
2026-05-12 11:57:47.052,132.56,96.39,7.0
2026-05-12 11:57:48.052,131.82,96.47,7.01
2026-05-12 11:57:49.052,131.11,96.55,7.03
2026-05-12 11:57:50.052,130.42,96.63,7.05
2026-05-12 11:57:51.052,129.76,96.7,7.08
2026-05-12 11:57:52.052,129.14,96.78,7.11
2026-05-12 11:57:53.052,128.58,96.86,7.15
2026-05-12 11:57:54.052,128.06,96.93,7.19
2026-05-12 11:57:55.052,127.61,97.01,7.24
2026-05-12 11:57:56.052,127.22,97.08,7.3
2026-05-12 11:57:57.052,126.9,97.15,7.36
2026-05-12 11:57:58.052,126.66,97.22,7.43
2026-05-12 11:57:59.052,126.48,97.29,7.5
2026-05-12 11:58:00.052,126.39,97.36,7.57
2026-05-12 11:58:01.052,126.36,97.43,7.65
2026-05-12 11:58:02.052,126.42,97.5,7.74
2026-05-12 11:58:03.052,126.55,97.56,7.83
2026-05-12 11:58:04.052,126.76,97.63,7.92
2026-05-12 11:58:05.052,127.03,97.69,8.01
2026-05-12 11:58:06.052,127.37,97.75,8.11
2026-05-12 11:58:07.052,127.78,97.81,8.21
2026-05-12 11:58:08.052,128.23,97.87,8.32
2026-05-12 11:58:09.052,128.75,97.93,8.42
2026-05-12 11:58:10.052,129.3,97.99,8.53
2026-05-12 11:58:11.052,129.89,98.05,8.64
2026-05-12 11:58:12.052,130.51,98.1,8.75
2026-05-12 11:58:13.052,131.15,98.15,8.86
2026-05-12 11:58:14.052,131.81,98.21,8.97
2026-05-12 11:58:15.052,132.47,98.26,9.08
2026-05-12 11:58:16.052,133.13,98.3,9.19
2026-05-12 11:58:17.052,133.78,98.35,9.3
2026-05-12 11:58:18.052,134.41,98.4,9.41
2026-05-12 11:58:19.052,135.01,98.44,9.52
2026-05-12 11:58:20.052,135.58,98.48,9.62
2026-05-12 11:58:21.052,136.11,98.53,9.73
2026-05-12 11:58:22.052,136.59,98.56,9.83
2026-05-12 11:58:23.052,137.02,98.6,9.93
2026-05-12 11:58:24.052,137.39,98.64,10.03
2026-05-12 11:58:25.052,137.7,98.67,10.12
2026-05-12 11:58:26.052,137.94,98.71,10.21
2026-05-12 11:58:27.052,138.12,98.74,10.3
2026-05-12 11:58:28.052,138.22,98.77,10.38
2026-05-12 11:58:29.052,138.25,98.79,10.46
2026-05-12 11:58:30.052,138.22,98.82,10.53
2026-05-12 11:58:31.052,138.11,98.84,10.6
2026-05-12 11:58:32.052,137.93,98.87,10.67
2026-05-12 11:58:33.052,137.69,98.89,10.72
2026-05-12 11:58:34.052,137.39,98.91,10.78
2026-05-12 11:58:35.052,137.02,98.92,10.83
2026-05-12 11:58:36.052,136.61,98.94,10.87
2026-05-12 11:58:37.052,136.15,98.95,10.91
2026-05-12 11:58:38.052,135.65,98.97,10.94
2026-05-12 11:58:39.052,135.11,98.98,10.96
2026-05-12 11:58:40.052,134.55,98.98,10.98
2026-05-12 11:58:41.052,133.97,98.99,10.99
2026-05-12 11:58:42.052,133.38,99.0,11.0
2026-05-12 11:58:43.052,132.79,99.0,11.0
2026-05-12 11:58:44.052,132.2,99.0,10.99
2026-05-12 11:58:45.052,131.63,99.0,10.98
2026-05-12 11:58:46.052,131.08,99.0,10.96
2026-05-12 11:58:47.052,130.55,98.99,10.94
2026-05-12 11:58:48.052,130.07,98.99,10.91
2026-05-12 11:58:49.052,129.62,98.98,10.87
2026-05-12 11:58:50.052,129.23,98.97,10.83
2026-05-12 11:58:51.052,128.89,98.96,10.78
2026-05-12 11:58:52.052,128.62,98.94,10.73
2026-05-12 11:58:53.052,128.41,98.93,10.67
2026-05-12 11:58:54.052,128.27,98.91,10.61
2026-05-12 11:58:55.052,128.2,98.89,10.54
2026-05-12 11:58:56.052,128.2,98.87,10.47
2026-05-12 11:58:57.052,128.28,98.85,10.39
2026-05-12 11:58:58.052,128.43,98.83,10.38
2026-05-12 11:58:59.052,128.66,98.8,10.51
2026-05-12 11:59:00.052,128.96,98.77,10.78
2026-05-12 11:59:01.052,129.33,98.75,11.18
2026-05-12 11:59:02.052,129.76,98.71,11.71
2026-05-12 11:59:03.052,130.26,98.68,12.37
2026-05-12 11:59:04.052,130.81,98.65,13.16
2026-05-12 11:59:05.052,131.42,98.61,14.07
2026-05-12 11:59:06.052,132.07,98.57,15.08
2026-05-12 11:59:07.052,132.75,98.54,16.2
2026-05-12 11:59:08.052,133.47,98.5,17.42
2026-05-12 11:59:09.052,134.21,98.45,18.72
2026-05-12 11:59:10.052,134.96,98.41,20.1
2026-05-12 11:59:11.052,135.73,98.36,21.55
2026-05-12 11:59:12.052,136.48,98.32,23.05
2026-05-12 11:59:13.052,137.23,98.27,24.61
2026-05-12 11:59:14.052,137.96,98.22,26.19
2026-05-12 11:59:15.052,138.67,98.17,27.81
2026-05-12 11:59:16.052,139.34,98.12,29.43
2026-05-12 11:59:17.052,139.97,98.06,31.06
2026-05-12 11:59:18.052,140.55,98.01,32.68
2026-05-12 11:59:19.052,141.07,97.95,34.28
2026-05-12 11:59:20.052,141.54,97.89,35.84
2026-05-12 11:59:21.052,141.94,97.83,37.37
2026-05-12 11:59:22.052,142.27,97.77,38.83
2026-05-12 11:59:23.052,142.54,97.71,40.24
2026-05-12 11:59:24.052,142.73,97.65,41.56
2026-05-12 11:59:25.052,142.84,97.58,42.81
2026-05-12 11:59:26.052,142.87,97.52,43.96
2026-05-12 11:59:27.052,142.84,97.45,45.01
2026-05-12 11:59:28.052,142.72,97.38,45.95
2026-05-12 11:59:29.052,142.54,97.31,46.78
2026-05-12 11:59:30.052,142.28,97.24,47.48
2026-05-12 11:59:31.052,141.97,97.17,48.06
2026-05-12 11:59:32.052,141.59,97.1,48.51
2026-05-12 11:59:33.052,141.15,97.03,48.83
2026-05-12 11:59:34.052,140.67,96.95,49.01
2026-05-12 11:59:35.052,140.14,96.88,49.05
2026-05-12 11:59:36.052,139.58,96.8,48.96
2026-05-12 11:59:37.052,138.99,96.73,48.73
2026-05-12 11:59:38.052,138.39,96.65,48.36
2026-05-12 11:59:39.052,137.77,96.57,47.86
2026-05-12 11:59:40.052,137.14,96.49,47.23
2026-05-12 11:59:41.052,136.52,96.41,46.48
2026-05-12 11:59:42.052,135.91,96.33,45.61
2026-05-12 11:59:43.052,135.33,96.25,44.62
2026-05-12 11:59:44.052,134.77,96.17,43.52
2026-05-12 11:59:45.052,134.24,96.09,42.33
2026-05-12 11:59:46.052,133.76,96.01,41.04
2026-05-12 11:59:47.052,133.33,95.92,39.67
2026-05-12 11:59:48.052,132.95,95.84,38.23
2026-05-12 11:59:49.052,132.63,95.76,36.73
2026-05-12 11:59:50.052,132.37,95.67,35.17
2026-05-12 11:59:51.052,132.18,95.59,33.58
2026-05-12 11:59:52.052,132.06,95.51,31.95
2026-05-12 11:59:53.052,132.0,95.42,30.3
2026-05-12 11:59:54.052,132.02,95.34,28.65
2026-05-12 11:59:55.052,132.11,95.25,27.0
2026-05-12 11:59:56.052,132.27,95.17,25.36
2026-05-12 11:59:57.052,132.49,95.08,23.75
2026-05-12 11:59:58.052,132.78,95.0,22.18
2026-05-12 11:59:59.052,133.13,94.91,20.67
2026-05-12 12:00:00.052,133.54,94.83,19.21
2026-05-12 12:00:01.052,134.0,94.74,17.82
2026-05-12 12:00:02.052,134.5,94.66,16.51
2026-05-12 12:00:03.052,135.04,94.57,15.29
2026-05-12 12:00:04.052,135.61,94.49,14.18
2026-05-12 12:00:05.052,136.21,94.4,13.16
2026-05-12 12:00:06.052,136.83,94.32,12.27
2026-05-12 12:00:07.052,137.45,94.24,11.49
2026-05-12 12:00:08.052,138.07,94.15,10.84
2026-05-12 12:00:09.052,138.69,94.07,10.32
2026-05-12 12:00:10.052,139.29,93.99,9.93
2026-05-12 12:00:11.052,139.86,93.9,9.68
2026-05-12 12:00:12.052,140.41,93.82,9.58
2026-05-12 12:00:13.052,140.91,93.74,9.61
2026-05-12 12:00:14.052,141.37,93.66,9.72
2026-05-12 12:00:15.052,141.78,93.58,9.82
2026-05-12 12:00:16.052,142.13,93.5,9.92
2026-05-12 12:00:17.052,142.42,93.42,10.02
2026-05-12 12:00:18.052,142.64,93.35,10.11
2026-05-12 12:00:19.052,142.79,93.27,10.2
2026-05-12 12:00:20.052,142.86,93.19,10.29
2026-05-12 12:00:21.052,142.87,93.12,10.37
2026-05-12 12:00:22.052,142.79,93.04,10.45
2026-05-12 12:00:23.052,142.64,92.97,10.53
2026-05-12 12:00:24.052,142.42,92.9,10.59
2026-05-12 12:00:25.052,142.12,92.82,10.66
2026-05-12 12:00:26.052,141.75,92.75,10.72
2026-05-12 12:00:27.052,141.32,92.68,10.77
2026-05-12 12:00:28.052,140.82,92.61,10.82
2026-05-12 12:00:29.052,140.26,92.55,10.86
2026-05-12 12:00:30.052,139.66,92.48,10.9
2026-05-12 12:00:31.052,139.01,92.41,10.93
2026-05-12 12:00:32.052,138.32,92.35,10.96
2026-05-12 12:00:33.052,137.6,92.29,10.98
2026-05-12 12:00:34.052,136.86,92.22,10.99
2026-05-12 12:00:35.052,136.11,92.16,11.0
2026-05-12 12:00:36.052,138.48,92.1,11.0
2026-05-12 12:00:37.052,140.79,92.05,10.99
2026-05-12 12:00:38.052,142.98,91.99,10.98
2026-05-12 12:00:39.052,145.01,91.93,10.97
2026-05-12 12:00:40.052,146.81,91.88,10.94
2026-05-12 12:00:41.052,148.37,91.83,10.91
2026-05-12 12:00:42.052,149.62,91.78,10.88
2026-05-12 12:00:43.052,150.54,91.73,10.84
2026-05-12 12:00:44.052,151.11,91.68,10.79
2026-05-12 12:00:45.052,151.31,91.63,10.74
2026-05-12 12:00:46.052,151.14,91.59,10.68
2026-05-12 12:00:47.052,150.58,91.54,10.62
2026-05-12 12:00:48.052,149.65,91.5,10.55
2026-05-12 12:00:49.052,148.36,91.46,10.48
2026-05-12 12:00:50.052,146.74,91.42,10.4
2026-05-12 12:00:51.052,144.82,91.39,10.32
2026-05-12 12:00:52.052,142.63,91.35,10.23
2026-05-12 12:00:53.052,140.22,91.32,10.14
2026-05-12 12:00:54.052,137.64,91.28,10.05
2026-05-12 12:00:55.052,134.95,91.25,9.95
2026-05-12 12:00:56.052,132.18,91.22,9.85
2026-05-12 12:00:57.052,129.42,91.2,9.75
2026-05-12 12:00:58.052,129.84,91.17,9.65
2026-05-12 12:00:59.052,130.3,91.15,9.54
2026-05-12 12:01:00.052,130.81,91.13,9.43
2026-05-12 12:01:01.052,131.35,91.1,9.32
2026-05-12 12:01:02.052,131.91,91.09,9.21
2026-05-12 12:01:03.052,132.49,91.07,9.1
2026-05-12 12:01:04.052,133.08,91.05,8.99
2026-05-12 12:01:05.052,133.68,91.04,8.88
2026-05-12 12:01:06.052,134.26,91.03,8.77
2026-05-12 12:01:07.052,134.83,91.02,8.66
2026-05-12 12:01:08.052,135.38,91.01,8.55
2026-05-12 12:01:09.052,135.9,91.01,8.44
2026-05-12 12:01:10.052,136.38,91.0,8.34
2026-05-12 12:01:11.052,136.82,91.0,8.24
2026-05-12 12:01:12.052,137.21,91.0,8.13
2026-05-12 12:01:13.052,137.54,91.0,8.04
2026-05-12 12:01:14.052,137.82,91.0,7.94
2026-05-12 12:01:15.052,138.03,91.01,7.85
2026-05-12 12:01:16.052,138.17,91.02,7.76
2026-05-12 12:01:17.052,138.24,91.02,7.67
2026-05-12 12:01:18.052,138.25,91.03,7.59
2026-05-12 12:01:19.052,138.18,91.05,7.52
2026-05-12 12:01:20.052,138.04,91.06,7.44
2026-05-12 12:01:21.052,137.83,91.08,7.38
2026-05-12 12:01:22.052,137.55,91.09,7.31
2026-05-12 12:01:23.052,137.21,91.11,7.26
2026-05-12 12:01:24.052,136.81,91.13,7.2
2026-05-12 12:01:25.052,136.36,91.16,7.16
2026-05-12 12:01:26.052,135.85,91.18,7.12
2026-05-12 12:01:27.052,135.3,91.21,7.08
2026-05-12 12:01:28.052,134.72,91.24,7.05
2026-05-12 12:01:29.052,134.1,91.27,7.03
2026-05-12 12:01:30.052,133.46,91.3,7.02
2026-05-12 12:01:31.052,132.81,91.33,7.0
2026-05-12 12:01:32.052,132.14,91.36,7.0
2026-05-12 12:01:33.052,131.48,91.4,7.0
2026-05-12 12:01:34.052,130.83,91.44,7.01
2026-05-12 12:01:35.052,130.2,91.48,7.02
2026-05-12 12:01:36.052,129.59,91.52,7.04
2026-05-12 12:01:37.052,129.02,91.56,7.07
2026-05-12 12:01:38.052,128.49,91.61,7.1
2026-05-12 12:01:39.052,128.0,91.65,7.14
2026-05-12 12:01:40.052,127.57,91.7,7.18
2026-05-12 12:01:41.052,127.19,91.75,7.23
2026-05-12 12:01:42.052,126.89,91.8,7.29
2026-05-12 12:01:43.052,126.65,91.85,7.35
2026-05-12 12:01:44.052,126.48,91.9,7.41
2026-05-12 12:01:45.052,126.38,91.96,7.48
2026-05-12 12:01:46.052,126.37,92.01,7.56
2026-05-12 12:01:47.052,126.42,92.07,7.64
2026-05-12 12:01:48.052,126.56,92.13,7.72
2026-05-12 12:01:49.052,126.77,92.19,7.81
2026-05-12 12:01:50.052,127.05,92.25,7.9
2026-05-12 12:01:51.052,127.41,92.31,7.99
2026-05-12 12:01:52.052,127.83,92.38,8.09
2026-05-12 12:01:53.052,128.31,92.44,8.19
2026-05-12 12:01:54.052,128.85,92.51,8.29
2026-05-12 12:01:55.052,129.44,92.57,8.4
2026-05-12 12:01:56.052,130.08,92.64,8.51
2026-05-12 12:01:57.052,130.75,92.71,8.62
2026-05-12 12:01:58.052,131.46,92.78,8.72
2026-05-12 12:01:59.052,132.18,92.85,8.84
2026-05-12 12:02:00.052,132.92,92.93,8.95
2026-05-12 12:02:01.052,133.67,93.0,9.06
2026-05-12 12:02:02.052,134.41,93.07,9.17
2026-05-12 12:02:03.052,135.15,93.15,9.28
2026-05-12 12:02:04.052,135.86,93.22,9.39
2026-05-12 12:02:05.052,136.55,93.3,9.5
2026-05-12 12:02:06.052,137.2,93.38,9.6
2026-05-12 12:02:07.052,137.81,93.46,9.71
2026-05-12 12:02:08.052,138.37,93.54,9.81
2026-05-12 12:02:09.052,138.88,93.61,9.91
2026-05-12 12:02:10.052,139.34,93.7,10.01
2026-05-12 12:02:11.052,139.72,93.78,10.1
2026-05-12 12:02:12.052,140.04,93.86,10.19
2026-05-12 12:02:13.052,140.29,93.94,10.28
2026-05-12 12:02:14.052,140.47,94.02,10.36
2026-05-12 12:02:15.052,140.58,94.1,10.44
2026-05-12 12:02:16.052,140.61,94.19,10.52
2026-05-12 12:02:17.052,140.57,94.27,10.59
2026-05-12 12:02:18.052,140.45,94.35,10.65
2026-05-12 12:02:19.052,140.27,94.44,10.71
2026-05-12 12:02:20.052,140.03,94.52,10.77
2026-05-12 12:02:21.052,139.72,94.61,10.82
2026-05-12 12:02:22.052,139.35,94.69,10.86
2026-05-12 12:02:23.052,138.94,94.78,10.9
2026-05-12 12:02:24.052,138.48,94.86,10.93
2026-05-12 12:02:25.052,137.98,94.95,10.96
2026-05-12 12:02:26.052,137.45,95.03,10.98
2026-05-12 12:02:27.052,136.9,95.12,10.99
2026-05-12 12:02:28.052,136.33,95.2,11.0
2026-05-12 12:02:29.052,135.76,95.29,11.0
2026-05-12 12:02:30.052,135.19,95.37,11.0
2026-05-12 12:02:31.052,134.62,95.46,10.98
2026-05-12 12:02:32.052,134.08,95.54,10.97
2026-05-12 12:02:33.052,133.56,95.63,10.94
2026-05-12 12:02:34.052,133.07,95.71,10.92
2026-05-12 12:02:35.052,132.62,95.79,10.88
2026-05-12 12:02:36.052,132.21,95.88,10.84
2026-05-12 12:02:37.052,131.86,95.96,10.79
2026-05-12 12:02:38.052,131.57,96.04,10.74
2026-05-12 12:02:39.052,131.33,96.12,10.69
2026-05-12 12:02:40.052,131.16,96.2,10.62
2026-05-12 12:02:41.052,131.06,96.29,10.56
2026-05-12 12:02:42.052,131.03,96.37,10.48
2026-05-12 12:02:43.052,131.07,96.45,10.41
2026-05-12 12:02:44.052,131.19,96.52,10.33
2026-05-12 12:02:45.052,131.37,96.6,10.24
2026-05-12 12:02:46.052,131.63,96.68,10.15
2026-05-12 12:02:47.052,131.95,96.76,10.06
2026-05-12 12:02:48.052,132.33,96.83,9.96
2026-05-12 12:02:49.052,132.78,96.91,9.86
2026-05-12 12:02:50.052,133.28,96.98,9.76
2026-05-12 12:02:51.052,133.83,97.06,9.66
2026-05-12 12:02:52.052,134.42,97.13,9.55
2026-05-12 12:02:53.052,135.05,97.2,9.44
2026-05-12 12:02:54.052,135.71,97.27,9.34
2026-05-12 12:02:55.052,136.39,97.34,9.23
2026-05-12 12:02:56.052,137.09,97.41,9.11
2026-05-12 12:02:57.052,137.79,97.48,9.0
2026-05-12 12:02:58.052,138.49,97.54,8.89
2026-05-12 12:02:59.052,139.17,97.61,8.78
2026-05-12 12:03:00.052,139.84,97.67,8.67
2026-05-12 12:03:01.052,140.48,97.73,8.56
2026-05-12 12:03:02.052,141.09,97.8,8.46
2026-05-12 12:03:03.052,141.65,97.86,8.35
2026-05-12 12:03:04.052,142.17,97.92,8.25
2026-05-12 12:03:05.052,142.63,97.97,8.14
2026-05-12 12:03:06.052,143.03,98.03,8.04
2026-05-12 12:03:07.052,143.36,98.08,7.95
2026-05-12 12:03:08.052,143.63,98.14,7.86
2026-05-12 12:03:09.052,143.82,98.19,7.77
2026-05-12 12:03:10.052,143.94,98.24,7.68
2026-05-12 12:03:11.052,143.99,98.29,7.6
2026-05-12 12:03:12.052,143.95,98.34,7.52
2026-05-12 12:03:13.052,143.84,98.38,7.45
2026-05-12 12:03:14.052,143.65,98.43,7.38
2026-05-12 12:03:15.052,143.39,98.47,7.32
2026-05-12 12:03:16.052,143.06,98.51,7.26
2026-05-12 12:03:17.052,142.66,98.55,7.21
2026-05-12 12:03:18.052,142.2,98.59,7.16
2026-05-12 12:03:19.052,141.68,98.63,7.12
2026-05-12 12:03:20.052,141.12,98.66,7.09
2026-05-12 12:03:21.052,140.51,98.7,7.06
2026-05-12 12:03:22.052,139.86,98.73,7.03
2026-05-12 12:03:23.052,139.18,98.76,7.02
2026-05-12 12:03:24.052,138.48,98.79,7.01
2026-05-12 12:03:25.052,137.77,98.81,7.0
2026-05-12 12:03:26.052,137.05,98.84,7.0
2026-05-12 12:03:27.052,136.34,98.86,7.01
2026-05-12 12:03:28.052,135.63,98.88,7.02
2026-05-12 12:03:29.052,134.95,98.9,7.04
2026-05-12 12:03:30.052,134.29,98.92,7.07
2026-05-12 12:03:31.052,133.67,98.94,7.1
2026-05-12 12:03:32.052,133.09,98.95,7.14
2026-05-12 12:03:33.052,132.55,98.96,7.18
2026-05-12 12:03:34.052,132.07,98.97,7.23
2026-05-12 12:03:35.052,131.65,98.98,7.28
2026-05-12 12:03:36.052,131.29,98.99,7.34
2026-05-12 12:03:37.052,131.0,98.99,7.41
2026-05-12 12:03:38.052,130.78,99.0,7.48
2026-05-12 12:03:39.052,130.63,99.0,7.55
2026-05-12 12:03:40.052,130.55,99.0,7.63
2026-05-12 12:03:41.052,130.55,99.0,7.71
2026-05-12 12:03:42.052,130.61,98.99,7.8
2026-05-12 12:03:43.052,130.75,98.99,7.96
2026-05-12 12:03:44.052,130.95,98.98,8.27
2026-05-12 12:03:45.052,131.21,98.97,8.72
2026-05-12 12:03:46.052,131.54,98.96,9.32
2026-05-12 12:03:47.052,131.92,98.95,10.05
2026-05-12 12:03:48.052,132.34,98.93,10.92
2026-05-12 12:03:49.052,132.81,98.92,11.92
2026-05-12 12:03:50.052,133.32,98.9,13.03
2026-05-12 12:03:51.052,133.85,98.88,14.26
2026-05-12 12:03:52.052,134.4,98.86,15.6
2026-05-12 12:03:53.052,134.97,98.83,17.04
2026-05-12 12:03:54.052,135.54,98.81,18.56
2026-05-12 12:03:55.052,136.11,98.78,20.16
2026-05-12 12:03:56.052,136.66,98.75,21.83
2026-05-12 12:03:57.052,137.2,98.72,23.56
2026-05-12 12:03:58.052,137.7,98.69,25.33
2026-05-12 12:03:59.052,138.18,98.66,27.14
2026-05-12 12:04:00.052,138.61,98.62,28.96
2026-05-12 12:04:01.052,134.6,98.59,30.8
2026-05-12 12:04:02.052,130.59,98.55,32.64
2026-05-12 12:04:03.052,126.61,98.51,34.46
2026-05-12 12:04:04.052,122.71,98.47,36.25
2026-05-12 12:04:05.052,118.94,98.42,38.0
2026-05-12 12:04:06.052,115.32,98.38,39.71
2026-05-12 12:04:07.052,111.9,98.33,41.35
2026-05-12 12:04:08.052,108.72,98.28,42.92
2026-05-12 12:04:09.052,105.8,98.23,44.41
2026-05-12 12:04:10.052,103.19,98.18,45.8
2026-05-12 12:04:11.052,100.9,98.13,47.1
2026-05-12 12:04:12.052,98.97,98.08,48.28
2026-05-12 12:04:13.052,97.41,98.02,49.34
2026-05-12 12:04:14.052,96.24,97.97,50.28
2026-05-12 12:04:15.052,95.47,97.91,51.09
2026-05-12 12:04:16.052,95.12,97.85,51.76
2026-05-12 12:04:17.052,95.18,97.79,52.28
2026-05-12 12:04:18.052,95.65,97.73,52.67
2026-05-12 12:04:19.052,96.53,97.67,52.9
2026-05-12 12:04:20.052,97.81,97.6,52.99
2026-05-12 12:04:21.052,99.48,97.54,52.93
2026-05-12 12:04:22.052,101.51,97.47,52.71
2026-05-12 12:04:23.052,103.89,97.4,52.35
2026-05-12 12:04:24.052,106.59,97.33,51.85
2026-05-12 12:04:25.052,109.58,97.26,51.2
2026-05-12 12:04:26.052,112.82,97.19,50.42
2026-05-12 12:04:27.052,116.29,97.12,49.5
2026-05-12 12:04:28.052,119.95,97.05,48.46
2026-05-12 12:04:29.052,123.74,96.98,47.29
2026-05-12 12:04:30.052,127.65,96.9,46.02
2026-05-12 12:04:31.052,127.22,96.83,44.65
2026-05-12 12:04:32.052,126.86,96.75,43.18
2026-05-12 12:04:33.052,126.57,96.67,41.62
2026-05-12 12:04:34.052,126.35,96.59,40.0
2026-05-12 12:04:35.052,126.2,96.52,38.31
2026-05-12 12:04:36.052,126.14,96.44,36.57
2026-05-12 12:04:37.052,126.15,96.36,34.79
2026-05-12 12:04:38.052,126.23,96.28,32.98
2026-05-12 12:04:39.052,126.4,96.2,31.16
2026-05-12 12:04:40.052,126.63,96.11,29.33
2026-05-12 12:04:41.052,126.93,96.03,27.52
2026-05-12 12:04:42.052,127.3,95.95,25.72
2026-05-12 12:04:43.052,127.74,95.87,23.95
2026-05-12 12:04:44.052,128.22,95.78,22.23
2026-05-12 12:04:45.052,128.76,95.7,20.57
2026-05-12 12:04:46.052,129.34,95.62,18.97
2026-05-12 12:04:47.052,129.96,95.53,17.45
2026-05-12 12:04:48.052,130.6,95.45,16.01
2026-05-12 12:04:49.052,131.27,95.36,14.68
2026-05-12 12:04:50.052,131.94,95.28,13.44
2026-05-12 12:04:51.052,132.63,95.19,12.32
2026-05-12 12:04:52.052,133.3,95.11,11.32
2026-05-12 12:04:53.052,133.97,95.02,10.45
2026-05-12 12:04:54.052,134.61,94.94,9.71
2026-05-12 12:04:55.052,135.23,94.85,9.11
2026-05-12 12:04:56.052,135.81,94.77,8.65
2026-05-12 12:04:57.052,136.35,94.68,8.33
2026-05-12 12:04:58.052,136.85,94.6,8.15
2026-05-12 12:04:59.052,137.28,94.51,8.05
2026-05-12 12:05:00.052,137.66,94.43,7.96
2026-05-12 12:05:01.052,137.98,94.35,7.86
2026-05-12 12:05:02.052,138.23,94.26,7.77
2026-05-12 12:05:03.052,138.41,94.18,7.69
2026-05-12 12:05:04.052,138.52,94.1,7.61
2026-05-12 12:05:05.052,138.56,94.01,7.53
2026-05-12 12:05:06.052,138.53,93.93,7.46
2026-05-12 12:05:07.052,138.42,93.85,7.39
2026-05-12 12:05:08.052,138.25,93.77,7.33
2026-05-12 12:05:09.052,138.02,93.69,7.27
2026-05-12 12:05:10.052,137.72,93.61,7.21
2026-05-12 12:05:11.052,137.36,93.53,7.17
2026-05-12 12:05:12.052,136.96,93.45,7.13
2026-05-12 12:05:13.052,136.5,93.37,7.09
2026-05-12 12:05:14.052,136.01,93.29,7.06
2026-05-12 12:05:15.052,135.48,93.22,7.04
2026-05-12 12:05:16.052,134.93,93.14,7.02
2026-05-12 12:05:17.052,134.36,93.07,7.01
2026-05-12 12:05:18.052,133.78,92.99,7.0
2026-05-12 12:05:19.052,133.2,92.92,7.0
2026-05-12 12:05:20.052,132.62,92.85,7.01
2026-05-12 12:05:21.052,132.06,92.77,7.02
2026-05-12 12:05:22.052,131.52,92.7,7.04
2026-05-12 12:05:23.052,131.02,92.64,7.06
2026-05-12 12:05:24.052,130.55,92.57,7.1
2026-05-12 12:05:25.052,130.12,92.5,7.13
2026-05-12 12:05:26.052,129.74,92.43,7.18
2026-05-12 12:05:27.052,129.42,92.37,7.22
2026-05-12 12:05:28.052,129.16,92.31,7.28
2026-05-12 12:05:29.052,128.97,92.24,7.34
2026-05-12 12:05:30.052,128.84,92.18,7.4
2026-05-12 12:05:31.052,128.79,92.12,7.47
2026-05-12 12:05:32.052,128.81,92.06,7.54
2026-05-12 12:05:33.052,128.9,92.01,7.62
2026-05-12 12:05:34.052,129.07,91.95,7.7
2026-05-12 12:05:35.052,129.31,91.9,7.79
2026-05-12 12:05:36.052,129.62,91.84,7.88
2026-05-12 12:05:37.052,130.0,91.79,7.98
2026-05-12 12:05:38.052,130.44,91.74,8.07
2026-05-12 12:05:39.052,130.95,91.69,8.17
2026-05-12 12:05:40.052,131.51,91.65,8.27
2026-05-12 12:05:41.052,132.12,91.6,8.38
2026-05-12 12:05:42.052,132.77,91.56,8.49
2026-05-12 12:05:43.052,133.46,91.51,8.59
2026-05-12 12:05:44.052,134.18,91.47,8.7
2026-05-12 12:05:45.052,134.92,91.43,8.81
2026-05-12 12:05:46.052,135.67,91.4,8.92
2026-05-12 12:05:47.052,136.42,91.36,9.04
2026-05-12 12:05:48.052,137.18,91.33,9.15
2026-05-12 12:05:49.052,137.91,91.29,9.26
2026-05-12 12:05:50.052,138.63,91.26,9.37
2026-05-12 12:05:51.052,139.32,91.23,9.48
2026-05-12 12:05:52.052,139.98,91.2,9.58
2026-05-12 12:05:53.052,140.59,91.18,9.69
2026-05-12 12:05:54.052,141.15,91.15,9.79
2026-05-12 12:05:55.052,141.66,91.13,9.89
2026-05-12 12:05:56.052,142.11,91.11,9.99
2026-05-12 12:05:57.052,142.49,91.09,10.08
2026-05-12 12:05:58.052,142.8,91.07,10.18
2026-05-12 12:05:59.052,143.04,91.06,10.26
2026-05-12 12:06:00.052,143.2,91.05,10.35
2026-05-12 12:06:01.052,143.29,91.03,10.43
2026-05-12 12:06:02.052,143.3,91.02,10.5
2026-05-12 12:06:03.052,143.23,91.02,10.57
2026-05-12 12:06:04.052,143.09,91.01,10.64
2026-05-12 12:06:05.052,142.88,91.0,10.7
2026-05-12 12:06:06.052,142.6,91.0,10.76
2026-05-12 12:06:07.052,142.26,91.0,10.81
2026-05-12 12:06:08.052,141.85,91.0,10.85
2026-05-12 12:06:09.052,141.39,91.0,10.89
2026-05-12 12:06:10.052,140.89,91.01,10.92
2026-05-12 12:06:11.052,140.34,91.01,10.95
2026-05-12 12:06:12.052,139.75,91.02,10.97
2026-05-12 12:06:13.052,139.14,91.03,10.99
2026-05-12 12:06:14.052,138.52,91.04,11.0
2026-05-12 12:06:15.052,137.88,91.06,11.0
2026-05-12 12:06:16.052,137.23,91.07,11.0
2026-05-12 12:06:17.052,136.6,91.09,10.99
2026-05-12 12:06:18.052,135.97,91.11,10.97
2026-05-12 12:06:19.052,135.37,91.13,10.95
2026-05-12 12:06:20.052,134.8,91.15,10.92
2026-05-12 12:06:21.052,134.26,91.17,10.89
2026-05-12 12:06:22.052,133.77,91.2,10.85
2026-05-12 12:06:23.052,133.32,91.23,10.8
2026-05-12 12:06:24.052,132.93,91.26,10.75
2026-05-12 12:06:25.052,132.6,91.29,10.7
2026-05-12 12:06:26.052,132.33,91.32,10.64
2026-05-12 12:06:27.052,132.13,91.35,10.57
2026-05-12 12:06:28.052,132.0,91.39,10.5
2026-05-12 12:06:29.052,131.94,91.43,10.42
2026-05-12 12:06:30.052,131.95,91.47,10.34
2026-05-12 12:06:31.052,132.03,91.51,10.26
2026-05-12 12:06:32.052,132.18,91.55,10.17
2026-05-12 12:06:33.052,132.4,91.59,10.08
2026-05-12 12:06:34.052,132.68,91.64,9.98
2026-05-12 12:06:35.052,133.02,91.68,9.88
2026-05-12 12:06:36.052,133.41,91.73,9.78
2026-05-12 12:06:37.052,133.86,91.78,9.68
2026-05-12 12:06:38.052,134.35,91.83,9.57
2026-05-12 12:06:39.052,134.88,91.89,9.47
2026-05-12 12:06:40.052,135.44,91.94,9.36
2026-05-12 12:06:41.052,136.03,92.0,9.25
2026-05-12 12:06:42.052,136.63,92.05,9.14
2026-05-12 12:06:43.052,137.23,92.11,9.03
2026-05-12 12:06:44.052,137.84,92.17,8.91
2026-05-12 12:06:45.052,138.44,92.23,8.8
2026-05-12 12:06:46.052,139.02,92.29,8.69
2026-05-12 12:06:47.052,139.57,92.36,8.58
2026-05-12 12:06:48.052,140.1,92.42,8.48
2026-05-12 12:06:49.052,140.58,92.49,8.37
2026-05-12 12:06:50.052,141.02,92.55,8.27
2026-05-12 12:06:51.052,141.4,92.62,8.16
2026-05-12 12:06:52.052,141.73,92.69,8.06
2026-05-12 12:06:53.052,141.99,92.76,7.97
2026-05-12 12:06:54.052,142.19,92.83,7.87
2026-05-12 12:06:55.052,142.32,92.9,7.78
2026-05-12 12:06:56.052,142.37,92.98,7.7
2026-05-12 12:06:57.052,142.35,93.05,7.61
2026-05-12 12:06:58.052,142.25,93.13,7.54
2026-05-12 12:06:59.052,142.08,93.2,7.46
2026-05-12 12:07:00.052,141.83,93.28,7.39
2026-05-12 12:07:01.052,141.52,93.35,7.33
2026-05-12 12:07:02.052,141.13,93.43,7.27
2026-05-12 12:07:03.052,140.68,93.51,7.22
2026-05-12 12:07:04.052,140.16,93.59,7.17
2026-05-12 12:07:05.052,139.59,93.67,7.13
2026-05-12 12:07:06.052,138.97,93.75,7.09
2026-05-12 12:07:07.052,138.31,93.83,7.06
2026-05-12 12:07:08.052,137.62,93.91,7.04
2026-05-12 12:07:09.052,136.89,94.0,7.02
2026-05-12 12:07:10.052,136.14,94.08,7.01
2026-05-12 12:07:11.052,135.38,94.16,7.0
2026-05-12 12:07:12.052,134.62,94.24,7.0
2026-05-12 12:07:13.052,133.86,94.33,7.01
2026-05-12 12:07:14.052,133.12,94.41,7.02
2026-05-12 12:07:15.052,132.39,94.5,7.04
2026-05-12 12:07:16.052,131.69,94.58,7.06
2026-05-12 12:07:17.052,131.03,94.67,7.09
2026-05-12 12:07:18.052,130.41,94.75,7.13
2026-05-12 12:07:19.052,129.84,94.84,7.17
2026-05-12 12:07:20.052,129.33,94.92,7.22
2026-05-12 12:07:21.052,128.88,95.01,7.27
2026-05-12 12:07:22.052,128.49,95.09,7.33
2026-05-12 12:07:23.052,128.17,95.18,7.39
2026-05-12 12:07:24.052,127.92,95.26,7.46
2026-05-12 12:07:25.052,127.75,95.35,7.54
2026-05-12 12:07:26.052,127.65,95.43,7.61
2026-05-12 12:07:27.052,127.63,95.52,7.7
2026-05-12 12:07:28.052,127.68,95.6,7.85
2026-05-12 12:07:29.052,127.81,95.68,8.16
2026-05-12 12:07:30.052,128.0,95.77,8.61
2026-05-12 12:07:31.052,128.27,95.85,9.2
2026-05-12 12:07:32.052,128.59,95.93,9.93
2026-05-12 12:07:33.052,128.98,96.02,10.8
2026-05-12 12:07:34.052,129.42,96.1,11.79
2026-05-12 12:07:35.052,129.9,96.18,12.9
2026-05-12 12:07:36.052,130.42,96.26,14.13
2026-05-12 12:07:37.052,130.98,96.34,15.47
2026-05-12 12:07:38.052,131.56,96.42,16.9
2026-05-12 12:07:39.052,132.16,96.5,18.43
2026-05-12 12:07:40.052,132.76,96.58,20.03
2026-05-12 12:07:41.052,133.37,96.66,21.7
2026-05-12 12:07:42.052,133.97,96.73,23.43
2026-05-12 12:07:43.052,134.55,96.81,25.2
2026-05-12 12:07:44.052,135.11,96.89,27.01
2026-05-12 12:07:45.052,135.64,96.96,28.84
2026-05-12 12:07:46.052,136.13,97.03,30.68
2026-05-12 12:07:47.052,136.58,97.11,32.52
2026-05-12 12:07:48.052,136.98,97.18,34.34
2026-05-12 12:07:49.052,137.32,97.25,36.14
2026-05-12 12:07:50.052,137.6,97.32,37.89
2026-05-12 12:07:51.052,137.82,97.39,39.6
2026-05-12 12:07:52.052,137.97,97.46,41.25
2026-05-12 12:07:53.052,138.05,97.52,42.83
2026-05-12 12:07:54.052,138.06,97.59,44.32
2026-05-12 12:07:55.052,138.0,97.65,45.72
2026-05-12 12:07:56.052,137.87,97.72,47.02
2026-05-12 12:07:57.052,137.67,97.78,48.21
2026-05-12 12:07:58.052,137.4,97.84,49.28
2026-05-12 12:07:59.052,137.07,97.9,50.22
2026-05-12 12:08:00.052,136.68,97.96,51.03
2026-05-12 12:08:01.052,136.24,98.01,51.71
2026-05-12 12:08:02.052,135.74,98.07,52.25
2026-05-12 12:08:03.052,135.21,98.12,52.64
2026-05-12 12:08:04.052,134.63,98.17,52.88
2026-05-12 12:08:05.052,134.03,98.22,52.97
2026-05-12 12:08:06.052,133.41,98.27,52.92
2026-05-12 12:08:07.052,132.77,98.32,52.71
2026-05-12 12:08:08.052,132.13,98.37,52.36
2026-05-12 12:08:09.052,131.49,98.41,51.86
2026-05-12 12:08:10.052,130.86,98.46,51.22
2026-05-12 12:08:11.052,130.25,98.5,50.44
2026-05-12 12:08:12.052,129.67,98.54,49.53
2026-05-12 12:08:13.052,129.12,98.58,48.5
2026-05-12 12:08:14.052,128.61,98.62,47.34
2026-05-12 12:08:15.052,128.15,98.65,46.08
2026-05-12 12:08:16.052,127.75,98.69,44.71
2026-05-12 12:08:17.052,127.4,98.72,43.24
2026-05-12 12:08:18.052,127.12,98.75,41.7
2026-05-12 12:08:19.052,126.91,98.78,40.08
2026-05-12 12:08:20.052,126.77,98.8,38.39
2026-05-12 12:08:21.052,126.7,98.83,36.66
2026-05-12 12:08:22.052,126.71,98.85,34.89
2026-05-12 12:08:23.052,126.8,98.88,33.08
2026-05-12 12:08:24.052,126.96,98.9,31.27
2026-05-12 12:08:25.052,127.2,98.91,29.44
2026-05-12 12:08:26.052,127.51,98.93,27.63
2026-05-12 12:08:27.052,127.89,98.95,25.84
2026-05-12 12:08:28.052,128.34,98.96,24.07
2026-05-12 12:08:29.052,128.84,98.97,22.36
2026-05-12 12:08:30.052,129.4,98.98,20.69
2026-05-12 12:08:31.052,130.02,98.99,19.1
2026-05-12 12:08:32.052,130.67,98.99,17.58
2026-05-12 12:08:33.052,131.36,99.0,16.14
2026-05-12 12:08:34.052,132.08,99.0,14.81
2026-05-12 12:08:35.052,132.82,99.0,13.58
2026-05-12 12:08:36.052,133.57,99.0,12.46
2026-05-12 12:08:37.052,134.33,99.0,11.46
2026-05-12 12:08:38.052,135.08,98.99,10.58
2026-05-12 12:08:39.052,135.81,98.98,9.84
2026-05-12 12:08:40.052,136.53,98.98,9.24
2026-05-12 12:08:41.052,137.22,98.96,8.77
2026-05-12 12:08:42.052,137.87,98.95,8.45
2026-05-12 12:08:43.052,138.49,98.94,8.28
2026-05-12 12:08:44.052,139.05,98.92,8.17
2026-05-12 12:08:45.052,139.55,98.91,8.07
2026-05-12 12:08:46.052,140.0,98.89,7.98
2026-05-12 12:08:47.052,140.38,98.87,7.88
2026-05-12 12:08:48.052,140.69,98.84,7.79
2026-05-12 12:08:49.052,140.93,98.82,7.71
2026-05-12 12:08:50.052,141.1,98.79,7.62
2026-05-12 12:08:51.052,141.19,98.76,7.54
2026-05-12 12:08:52.052,141.21,98.73,7.47
2026-05-12 12:08:53.052,141.16,98.7,7.4
2026-05-12 12:08:54.052,141.03,98.67,7.34
2026-05-12 12:08:55.052,140.84,98.63,7.28
2026-05-12 12:08:56.052,140.58,98.6,7.22
2026-05-12 12:08:57.052,140.26,98.56,7.18
2026-05-12 12:08:58.052,139.89,98.52,7.13
2026-05-12 12:08:59.052,139.46,98.48,7.1
2026-05-12 12:09:00.052,138.99,98.44,7.07
2026-05-12 12:09:01.052,138.48,98.39,7.04
2026-05-12 12:09:02.052,137.94,98.35,7.02
2026-05-12 12:09:03.052,137.38,98.3,7.01
2026-05-12 12:09:04.052,136.81,98.25,7.0
2026-05-12 12:09:05.052,136.22,98.2,7.0
2026-05-12 12:09:06.052,135.64,98.15,7.01
2026-05-12 12:09:07.052,135.07,98.1,7.02
2026-05-12 12:09:08.052,134.52,98.04,7.04
2026-05-12 12:09:09.052,134.0,97.98,7.06
2026-05-12 12:09:10.052,133.5,97.93,7.09
2026-05-12 12:09:11.052,133.05,97.87,7.13
2026-05-12 12:09:12.052,132.64,97.81,7.17
2026-05-12 12:09:13.052,132.28,97.75,7.21
2026-05-12 12:09:14.052,131.99,97.68,7.27
2026-05-12 12:09:15.052,131.75,97.62,7.32
2026-05-12 12:09:16.052,131.58,97.56,7.39
2026-05-12 12:09:17.052,131.47,97.49,7.46
2026-05-12 12:09:18.052,131.44,97.42,7.53
2026-05-12 12:09:19.052,131.48,97.35,7.61
2026-05-12 12:09:20.052,131.59,97.29,7.69
2026-05-12 12:09:21.052,131.77,97.22,7.77
2026-05-12 12:09:22.052,132.02,97.14,7.86
2026-05-12 12:09:23.052,132.33,97.07,7.96
2026-05-12 12:09:24.052,132.71,97.0,8.05
2026-05-12 12:09:25.052,133.15,96.92,8.15
2026-05-12 12:09:26.052,133.64,96.85,8.25
2026-05-12 12:09:27.052,134.18,96.77,8.36
2026-05-12 12:09:28.052,134.76,96.7,8.46
2026-05-12 12:09:29.052,135.38,96.62,8.57
2026-05-12 12:09:30.052,136.03,96.54,8.68
2026-05-12 12:09:31.052,136.69,96.46,8.79
2026-05-12 12:09:32.052,137.37,96.38,8.9
2026-05-12 12:09:33.052,138.05,96.3,9.01
2026-05-12 12:09:34.052,138.73,96.22,9.12
2026-05-12 12:09:35.052,139.39,96.14,9.24
2026-05-12 12:09:36.052,140.04,96.06,9.35
2026-05-12 12:09:37.052,140.65,95.98,9.45
2026-05-12 12:09:38.052,141.23,95.89,9.56
2026-05-12 12:09:39.052,141.77,95.81,9.67
2026-05-12 12:09:40.052,142.26,95.73,9.77
2026-05-12 12:09:41.052,142.69,95.64,9.87
2026-05-12 12:09:42.052,143.06,95.56,9.97
2026-05-12 12:09:43.052,143.37,95.47,10.07
2026-05-12 12:09:44.052,143.6,95.39,10.16
2026-05-12 12:09:45.052,143.77,95.3,10.25
2026-05-12 12:09:46.052,143.85,95.22,10.33
2026-05-12 12:09:47.052,143.86,95.13,10.41
2026-05-12 12:09:48.052,143.8,95.05,10.49
2026-05-12 12:09:49.052,143.65,94.96,10.56
2026-05-12 12:09:50.052,143.44,94.88,10.63
2026-05-12 12:09:51.052,143.14,94.79,10.69
2026-05-12 12:09:52.052,142.78,94.71,10.75
2026-05-12 12:09:53.052,142.36,94.62,10.8
2026-05-12 12:09:54.052,141.87,94.54,10.84
2026-05-12 12:09:55.052,141.33,94.46,10.88
2026-05-12 12:09:56.052,140.74,94.37,10.92
2026-05-12 12:09:57.052,140.1,94.29,10.95
2026-05-12 12:09:58.052,139.43,94.2,10.97
2026-05-12 12:09:59.052,138.73,94.12,10.99
2026-05-12 12:10:00.052,138.01,94.04,11.0
2026-05-12 12:10:01.052,137.28,93.96,11.0
2026-05-12 12:10:02.052,136.55,93.87,11.0
2026-05-12 12:10:03.052,135.82,93.79,10.99
2026-05-12 12:10:04.052,135.11,93.71,10.97
2026-05-12 12:10:05.052,134.41,93.63,10.95
2026-05-12 12:10:06.052,136.59,93.55,10.93
2026-05-12 12:10:07.052,138.75,93.47,10.9
2026-05-12 12:10:08.052,140.84,93.39,10.86
2026-05-12 12:10:09.052,142.81,93.32,10.81
2026-05-12 12:10:10.052,144.61,93.24,10.76
2026-05-12 12:10:11.052,146.2,93.16,10.71
2026-05-12 12:10:12.052,147.55,93.09,10.65
2026-05-12 12:10:13.052,148.63,93.01,10.58
2026-05-12 12:10:14.052,149.41,92.94,10.51
2026-05-12 12:10:15.052,149.87,92.87,10.44
2026-05-12 12:10:16.052,150.0,92.8,10.36
2026-05-12 12:10:17.052,149.79,92.73,10.27
2026-05-12 12:10:18.052,149.25,92.66,10.19
2026-05-12 12:10:19.052,148.39,92.59,10.09
2026-05-12 12:10:20.052,147.23,92.52,10.0
2026-05-12 12:10:21.052,145.79,92.45,9.9
2026-05-12 12:10:22.052,144.1,92.39,9.8
2026-05-12 12:10:23.052,142.2,92.33,9.7
2026-05-12 12:10:24.052,140.13,92.26,9.59
2026-05-12 12:10:25.052,137.93,92.2,9.49
2026-05-12 12:10:26.052,135.65,92.14,9.38
2026-05-12 12:10:27.052,133.33,92.08,9.27
2026-05-12 12:10:28.052,133.89,92.03,9.16
2026-05-12 12:10:29.052,134.45,91.97,9.05
2026-05-12 12:10:30.052,135.02,91.91,8.94
2026-05-12 12:10:31.052,135.59,91.86,8.83
2026-05-12 12:10:32.052,136.14,91.81,8.71
2026-05-12 12:10:33.052,136.68,91.76,8.61
2026-05-12 12:10:34.052,137.18,91.71,8.5
2026-05-12 12:10:35.052,137.65,91.66,8.39
2026-05-12 12:10:36.052,138.08,91.62,8.29
2026-05-12 12:10:37.052,138.46,91.57,8.18
2026-05-12 12:10:38.052,138.78,91.53,8.08
2026-05-12 12:10:39.052,139.05,91.49,7.99
2026-05-12 12:10:40.052,139.25,91.45,7.89
2026-05-12 12:10:41.052,139.39,91.41,7.8
2026-05-12 12:10:42.052,139.45,91.37,7.71
2026-05-12 12:10:43.052,139.45,91.34,7.63
2026-05-12 12:10:44.052,139.37,91.3,7.55
2026-05-12 12:10:45.052,139.22,91.27,7.48
2026-05-12 12:10:46.052,134.29,91.24,7.41
2026-05-12 12:10:47.052,129.34,91.21,7.34
2026-05-12 12:10:48.052,124.42,91.19,7.28
2026-05-12 12:10:49.052,119.56,91.16,7.23
2026-05-12 12:10:50.052,114.82,91.14,7.18
2026-05-12 12:10:51.052,110.25,91.12,7.14
2026-05-12 12:10:52.052,105.89,91.1,7.1
2026-05-12 12:10:53.052,101.77,91.08,7.07
2026-05-12 12:10:54.052,97.95,91.06,7.04
2026-05-12 12:10:55.052,94.46,91.05,7.02
2026-05-12 12:10:56.052,91.34,91.04,7.01
2026-05-12 12:10:57.052,88.61,91.03,7.0
2026-05-12 12:10:58.052,86.31,91.02,7.07
2026-05-12 12:10:59.052,84.45,91.01,7.29
2026-05-12 12:11:00.052,83.06,91.01,7.66
2026-05-12 12:11:01.052,82.15,91.0,8.17
2026-05-12 12:11:02.052,81.73,91.0,8.83
2026-05-12 12:11:03.052,81.81,91.0,9.62
2026-05-12 12:11:04.052,82.39,91.0,10.54
2026-05-12 12:11:05.052,83.46,91.01,11.59
2026-05-12 12:11:06.052,85.01,91.01,12.76
2026-05-12 12:11:07.052,87.03,91.02,14.04
2026-05-12 12:11:08.052,89.51,91.03,15.42
2026-05-12 12:11:09.052,92.41,91.04,16.9
2026-05-12 12:11:10.052,95.71,91.05,18.45
2026-05-12 12:11:11.052,99.38,91.07,20.09
2026-05-12 12:11:12.052,103.39,91.08,21.78
2026-05-12 12:11:13.052,107.69,91.1,23.52
2026-05-12 12:11:14.052,112.24,91.12,25.31
2026-05-12 12:11:15.052,117.0,91.14,27.12
2026-05-12 12:11:16.052,121.93,91.17,28.95
2026-05-12 12:11:17.052,126.97,91.19,30.78
2026-05-12 12:11:18.052,127.37,91.22,32.6
2026-05-12 12:11:19.052,127.83,91.25,34.4
2026-05-12 12:11:20.052,128.34,91.28,36.17
2026-05-12 12:11:21.052,128.91,91.31,37.89
2026-05-12 12:11:22.052,129.51,91.34,39.56
2026-05-12 12:11:23.052,130.15,91.38,41.16
2026-05-12 12:11:24.052,130.82,91.41,42.68
2026-05-12 12:11:25.052,131.51,91.45,44.11
2026-05-12 12:11:26.052,132.21,91.49,45.45
2026-05-12 12:11:27.052,132.91,91.54,46.69
2026-05-12 12:11:28.052,133.6,91.58,47.81
2026-05-12 12:11:29.052,134.28,91.62,48.8
2026-05-12 12:11:30.052,134.94,91.67,49.67
2026-05-12 12:11:31.052,135.57,91.72,50.41
2026-05-12 12:11:32.052,136.17,91.77,51.01
2026-05-12 12:11:33.052,136.72,91.82,51.47
2026-05-12 12:11:34.052,137.22,91.87,51.79
2026-05-12 12:11:35.052,137.66,91.92,51.96
2026-05-12 12:11:36.052,138.05,91.98,51.99
2026-05-12 12:11:37.052,138.37,92.04,51.86
2026-05-12 12:11:38.052,138.63,92.09,51.6
2026-05-12 12:11:39.052,138.81,92.15,51.19
2026-05-12 12:11:40.052,138.92,92.21,50.64
2026-05-12 12:11:41.052,138.97,92.27,49.95
2026-05-12 12:11:42.052,138.94,92.34,49.14
2026-05-12 12:11:43.052,138.84,92.4,48.19
2026-05-12 12:11:44.052,138.67,92.47,47.13
2026-05-12 12:11:45.052,138.44,92.53,45.96
2026-05-12 12:11:46.052,138.14,92.6,44.69
2026-05-12 12:11:47.052,137.79,92.67,43.33
2026-05-12 12:11:48.052,137.39,92.74,41.88
2026-05-12 12:11:49.052,136.94,92.81,40.35
2026-05-12 12:11:50.052,136.45,92.88,38.76
2026-05-12 12:11:51.052,135.93,92.95,37.12
2026-05-12 12:11:52.052,135.38,93.03,35.44
2026-05-12 12:11:53.052,134.82,93.1,33.73
2026-05-12 12:11:54.052,134.24,93.18,32.0
2026-05-12 12:11:55.052,133.67,93.25,30.26
2026-05-12 12:11:56.052,133.1,93.33,28.53
2026-05-12 12:11:57.052,132.55,93.41,26.82
2026-05-12 12:11:58.052,132.02,93.49,25.14
2026-05-12 12:11:59.052,131.53,93.57,23.5
2026-05-12 12:12:00.052,131.07,93.65,21.9
2026-05-12 12:12:01.052,130.65,93.73,20.38
2026-05-12 12:12:02.052,130.29,93.81,18.92
2026-05-12 12:12:03.052,129.98,93.89,17.55
2026-05-12 12:12:04.052,129.73,93.97,16.26
2026-05-12 12:12:05.052,129.55,94.05,15.08
2026-05-12 12:12:06.052,129.43,94.14,14.01
2026-05-12 12:12:07.052,129.39,94.22,13.05
2026-05-12 12:12:08.052,129.42,94.3,12.21
2026-05-12 12:12:09.052,129.53,94.39,11.5
2026-05-12 12:12:10.052,129.7,94.47,10.92
2026-05-12 12:12:11.052,129.95,94.56,10.48
2026-05-12 12:12:12.052,130.27,94.64,10.18
2026-05-12 12:12:13.052,130.66,94.72,10.01
2026-05-12 12:12:14.052,131.11,94.81,9.91
2026-05-12 12:12:15.052,131.62,94.89,9.81
2026-05-12 12:12:16.052,132.18,94.98,9.71
2026-05-12 12:12:17.052,132.8,95.06,9.6
2026-05-12 12:12:18.052,133.45,95.15,9.5
2026-05-12 12:12:19.052,134.14,95.23,9.39
2026-05-12 12:12:20.052,134.85,95.32,9.28
2026-05-12 12:12:21.052,135.58,95.4,9.17
2026-05-12 12:12:22.052,136.32,95.49,9.06
2026-05-12 12:12:23.052,137.07,95.57,8.95
2026-05-12 12:12:24.052,137.81,95.66,8.84
2026-05-12 12:12:25.052,138.54,95.74,8.73
2026-05-12 12:12:26.052,139.24,95.82,8.62
2026-05-12 12:12:27.052,139.91,95.91,8.51
2026-05-12 12:12:28.052,140.55,95.99,8.4
2026-05-12 12:12:29.052,141.14,96.07,8.3
2026-05-12 12:12:30.052,141.68,96.15,8.19
2026-05-12 12:12:31.052,142.17,96.24,8.09
2026-05-12 12:12:32.052,142.59,96.32,7.99
2026-05-12 12:12:33.052,142.94,96.4,7.9
2026-05-12 12:12:34.052,143.23,96.48,7.81
2026-05-12 12:12:35.052,143.44,96.55,7.72
2026-05-12 12:12:36.052,143.58,96.63,7.64
2026-05-12 12:12:37.052,143.63,96.71,7.56
2026-05-12 12:12:38.052,143.62,96.79,7.48
2026-05-12 12:12:39.052,143.52,96.86,7.41
2026-05-12 12:12:40.052,143.36,96.94,7.35
2026-05-12 12:12:41.052,143.12,97.01,7.29
2026-05-12 12:12:42.052,142.81,97.08,7.23
2026-05-12 12:12:43.052,142.44,97.16,7.18
2026-05-12 12:12:44.052,142.0,97.23,7.14
2026-05-12 12:12:45.052,141.52,97.3,7.1
2026-05-12 12:12:46.052,140.99,97.37,7.07
2026-05-12 12:12:47.052,140.41,97.44,7.04
2026-05-12 12:12:48.052,139.8,97.5,7.02
2026-05-12 12:12:49.052,139.17,97.57,7.01
2026-05-12 12:12:50.052,138.52,97.63,7.0
2026-05-12 12:12:51.052,137.86,97.7,7.0
2026-05-12 12:12:52.052,137.2,97.76,7.0
2026-05-12 12:12:53.052,136.54,97.82,7.01
2026-05-12 12:12:54.052,135.9,97.88,7.03
2026-05-12 12:12:55.052,135.29,97.94,7.05
2026-05-12 12:12:56.052,134.7,97.99,7.08
2026-05-12 12:12:57.052,134.15,98.05,7.12
2026-05-12 12:12:58.052,133.64,98.1,7.16
2026-05-12 12:12:59.052,133.19,98.16,7.2
2026-05-12 12:13:00.052,132.79,98.21,7.26
2026-05-12 12:13:01.052,132.45,98.26,7.31
2026-05-12 12:13:02.052,132.17,98.31,7.38
2026-05-12 12:13:03.052,131.96,98.35,7.44
2026-05-12 12:13:04.052,131.82,98.4,7.51
2026-05-12 12:13:05.052,131.75,98.44,7.59
2026-05-12 12:13:06.052,131.76,98.49,7.67
2026-05-12 12:13:07.052,131.83,98.53,7.76
2026-05-12 12:13:08.052,131.97,98.57,7.85
2026-05-12 12:13:09.052,132.18,98.6,7.94
2026-05-12 12:13:10.052,132.45,98.64,8.03
2026-05-12 12:13:11.052,132.79,98.68,8.13
2026-05-12 12:13:12.052,133.17,98.71,8.23
2026-05-12 12:13:13.052,133.61,98.74,8.34
2026-05-12 12:13:14.052,134.09,98.77,8.44
2026-05-12 12:13:15.052,134.61,98.8,8.55
2026-05-12 12:13:16.052,135.16,98.82,8.66
2026-05-12 12:13:17.052,135.73,98.85,8.77
2026-05-12 12:13:18.052,136.32,98.87,8.88
2026-05-12 12:13:19.052,136.91,98.89,8.99
2026-05-12 12:13:20.052,137.5,98.91,9.1
2026-05-12 12:13:21.052,138.09,98.93,9.21
2026-05-12 12:13:22.052,138.65,98.94,9.32
2026-05-12 12:13:23.052,139.19,98.95,9.43
2026-05-12 12:13:24.052,139.69,98.97,9.54
2026-05-12 12:13:25.052,140.16,98.98,9.65
2026-05-12 12:13:26.052,140.58,98.99,9.75
2026-05-12 12:13:27.052,140.94,98.99,9.85
2026-05-12 12:13:28.052,141.25,99.0,9.95
2026-05-12 12:13:29.052,141.49,99.0,10.05
2026-05-12 12:13:30.052,141.67,99.0,10.14
2026-05-12 12:13:31.052,141.78,99.0,10.23
2026-05-12 12:13:32.052,141.81,99.0,10.32
2026-05-12 12:13:33.052,141.77,98.99,10.4
2026-05-12 12:13:34.052,141.65,98.99,10.48
2026-05-12 12:13:35.052,141.46,98.98,10.55
2026-05-12 12:13:36.052,141.2,98.97,10.62
2026-05-12 12:13:37.052,140.87,98.96,10.68
2026-05-12 12:13:38.052,140.47,98.94,10.74
2026-05-12 12:13:39.052,140.0,98.93,10.79
2026-05-12 12:13:40.052,139.47,98.91,10.84
2026-05-12 12:13:41.052,138.89,98.89,10.88
2026-05-12 12:13:42.052,138.27,98.87,10.91
2026-05-12 12:13:43.052,137.6,98.85,10.94
2026-05-12 12:13:44.052,136.9,98.83,10.97
2026-05-12 12:13:45.052,136.17,98.8,10.98
2026-05-12 12:13:46.052,135.42,98.77,10.99
2026-05-12 12:13:47.052,134.66,98.74,11.0
2026-05-12 12:13:48.052,133.9,98.71,11.0
2026-05-12 12:13:49.052,133.14,98.68,10.99
2026-05-12 12:13:50.052,132.4,98.65,10.98
2026-05-12 12:13:51.052,131.68,98.61,10.96
2026-05-12 12:13:52.052,131.0,98.57,10.93
2026-05-12 12:13:53.052,130.35,98.53,10.9
2026-05-12 12:13:54.052,129.74,98.49,10.86
2026-05-12 12:13:55.052,129.19,98.45,10.82
2026-05-12 12:13:56.052,128.69,98.41,10.77
2026-05-12 12:13:57.052,128.25,98.36,10.72
2026-05-12 12:13:58.052,127.88,98.31,10.66
2026-05-12 12:13:59.052,127.59,98.27,10.6
2026-05-12 12:14:00.052,127.36,98.22,10.53
2026-05-12 12:14:01.052,127.21,98.16,10.45
2026-05-12 12:14:02.052,127.13,98.11,10.37
2026-05-12 12:14:03.052,127.13,98.06,10.29
2026-05-12 12:14:04.052,127.21,98.0,10.2
2026-05-12 12:14:05.052,127.36,97.95,10.11
2026-05-12 12:14:06.052,127.58,97.89,10.02
2026-05-12 12:14:07.052,127.87,97.83,9.92
2026-05-12 12:14:08.052,128.21,97.77,9.82
2026-05-12 12:14:09.052,128.62,97.7,9.72
2026-05-12 12:14:10.052,129.08,97.64,9.61
2026-05-12 12:14:11.052,129.59,97.58,9.51
2026-05-12 12:14:12.052,130.13,97.51,9.4
2026-05-12 12:14:13.052,130.71,97.44,9.29
2026-05-12 12:14:14.052,131.31,97.38,9.18
2026-05-12 12:14:15.052,131.92,97.31,9.07
2026-05-12 12:14:16.052,132.54,97.24,8.96
2026-05-12 12:14:17.052,133.17,97.17,8.85
2026-05-12 12:14:18.052,133.78,97.09,8.74
2026-05-12 12:14:19.052,134.38,97.02,8.63
2026-05-12 12:14:20.052,134.95,96.95,8.52
2026-05-12 12:14:21.052,135.5,96.87,8.41
2026-05-12 12:14:22.052,136.0,96.8,8.31
2026-05-12 12:14:23.052,136.46,96.72,8.2
2026-05-12 12:14:24.052,136.87,96.64,8.1
2026-05-12 12:14:25.052,137.22,96.57,8.0
2026-05-12 12:14:26.052,137.51,96.49,7.91
2026-05-12 12:14:27.052,137.73,96.41,7.82
2026-05-12 12:14:28.052,137.89,96.33,7.73
2026-05-12 12:14:29.052,137.98,96.25,7.65
2026-05-12 12:14:30.052,138.0,96.17,7.57
2026-05-12 12:14:31.052,137.95,96.08,7.49
2026-05-12 12:14:32.052,137.82,96.0,7.42
2026-05-12 12:14:33.052,137.63,95.92,7.36
2026-05-12 12:14:34.052,137.37,95.84,7.29
2026-05-12 12:14:35.052,137.05,95.75,7.24
2026-05-12 12:14:36.052,136.67,95.67,7.19
2026-05-12 12:14:37.052,136.24,95.58,7.14
2026-05-12 12:14:38.052,135.76,95.5,7.11
2026-05-12 12:14:39.052,135.24,95.42,7.07
2026-05-12 12:14:40.052,134.68,95.33,7.05
2026-05-12 12:14:41.052,134.09,95.25,7.03
2026-05-12 12:14:42.052,133.48,95.16,7.01
2026-05-12 12:14:43.052,132.86,95.08,7.0
2026-05-12 12:14:44.052,132.24,94.99,7.0
2026-05-12 12:14:45.052,131.62,94.91,7.0
2026-05-12 12:14:46.052,131.01,94.82,7.01
2026-05-12 12:14:47.052,130.42,94.74,7.03
2026-05-12 12:14:48.052,129.86,94.65,7.05
2026-05-12 12:14:49.052,129.34,94.57,7.08
2026-05-12 12:14:50.052,128.85,94.48,7.11
2026-05-12 12:14:51.052,128.42,94.4,7.15
2026-05-12 12:14:52.052,128.04,94.31,7.2
2026-05-12 12:14:53.052,127.72,94.23,7.25
2026-05-12 12:14:54.052,127.46,94.15,7.31
2026-05-12 12:14:55.052,127.28,94.06,7.37
2026-05-12 12:14:56.052,127.16,93.98,7.44
2026-05-12 12:14:57.052,127.13,93.9,7.51
2026-05-12 12:14:58.052,127.16,93.82,7.58
2026-05-12 12:14:59.052,127.27,93.74,7.66
2026-05-12 12:15:00.052,127.46,93.66,7.75
2026-05-12 12:15:01.052,127.72,93.58,7.84
2026-05-12 12:15:02.052,128.06,93.5,7.93
2026-05-12 12:15:03.052,128.46,93.42,8.02
2026-05-12 12:15:04.052,128.92,93.34,8.12
2026-05-12 12:15:05.052,129.45,93.26,8.22
2026-05-12 12:15:06.052,130.03,93.19,8.33
2026-05-12 12:15:07.052,130.66,93.11,8.43
2026-05-12 12:15:08.052,131.33,93.04,8.54
2026-05-12 12:15:09.052,132.03,92.96,8.65
2026-05-12 12:15:10.052,132.76,92.89,8.76
2026-05-12 12:15:11.052,133.51,92.82,8.87
2026-05-12 12:15:12.052,134.27,92.75,8.98
2026-05-12 12:15:13.052,135.03,92.68,9.09
2026-05-12 12:15:14.052,135.78,92.61,9.2
2026-05-12 12:15:15.052,136.52,92.54,9.31
2026-05-12 12:15:16.052,137.24,92.48,9.42
2026-05-12 12:15:17.052,137.93,92.41,9.53
2026-05-12 12:15:18.052,138.58,92.35,9.64
2026-05-12 12:15:19.052,139.18,92.28,9.74
2026-05-12 12:15:20.052,139.74,92.22,9.84
2026-05-12 12:15:21.052,140.23,92.16,9.94
2026-05-12 12:15:22.052,140.67,92.1,10.04
2026-05-12 12:15:23.052,141.04,92.04,10.13
2026-05-12 12:15:24.052,141.34,91.99,10.22
2026-05-12 12:15:25.052,141.57,91.93,10.31
2026-05-12 12:15:26.052,141.72,91.88,10.39
2026-05-12 12:15:27.052,141.8,91.82,10.47
2026-05-12 12:15:28.052,141.8,91.77,10.54
2026-05-12 12:15:29.052,141.73,91.72,10.61
2026-05-12 12:15:30.052,141.59,91.68,10.67
2026-05-12 12:15:31.052,141.38,91.63,10.73
2026-05-12 12:15:32.052,141.11,91.58,10.78
2026-05-12 12:15:33.052,140.77,91.54,10.83
2026-05-12 12:15:34.052,140.38,91.5,10.87
2026-05-12 12:15:35.052,139.94,91.46,10.91
2026-05-12 12:15:36.052,139.45,91.42,10.94
2026-05-12 12:15:37.052,138.93,91.38,10.96
2026-05-12 12:15:38.052,138.38,91.35,10.98
2026-05-12 12:15:39.052,137.8,91.31,10.99
2026-05-12 12:15:40.052,137.22,91.28,11.0
2026-05-12 12:15:41.052,136.62,91.25,11.0
2026-05-12 12:15:42.052,136.03,91.22,10.99
2026-05-12 12:15:43.052,135.45,91.19,10.98
2026-05-12 12:15:44.052,134.89,91.17,10.96
2026-05-12 12:15:45.052,134.36,91.15,10.94
2026-05-12 12:15:46.052,133.85,91.12,10.91
2026-05-12 12:15:47.052,133.39,91.1,10.87
2026-05-12 12:15:48.052,132.98,91.09,10.83
2026-05-12 12:15:49.052,132.62,91.07,10.78
2026-05-12 12:15:50.052,132.31,91.05,10.72
2026-05-12 12:15:51.052,132.07,91.04,10.67
2026-05-12 12:15:52.052,131.89,91.03,10.6
2026-05-12 12:15:53.052,131.79,91.02,10.53
2026-05-12 12:15:54.052,131.75,91.01,10.46
2026-05-12 12:15:55.052,131.78,91.01,10.38
2026-05-12 12:15:56.052,131.88,91.0,10.3
2026-05-12 12:15:57.052,132.06,91.0,10.21
2026-05-12 12:15:58.052,132.3,91.0,10.12
2026-05-12 12:15:59.052,132.61,91.0,10.03
2026-05-12 12:16:00.052,132.98,91.0,9.93
2026-05-12 12:16:01.052,133.4,91.01,9.83
2026-05-12 12:16:02.052,133.89,91.02,9.73
2026-05-12 12:16:03.052,134.41,91.03,9.62
2026-05-12 12:16:04.052,134.98,91.04,9.52
2026-05-12 12:16:05.052,135.58,91.05,9.41
2026-05-12 12:16:06.052,136.21,91.06,9.3
2026-05-12 12:16:07.052,136.86,91.08,9.19
2026-05-12 12:16:08.052,137.52,91.1,9.08
2026-05-12 12:16:09.052,138.18,91.11,8.97
2026-05-12 12:16:10.052,138.84,91.14,8.86
2026-05-12 12:16:11.052,139.48,91.16,8.75
2026-05-12 12:16:12.052,140.1,91.18,8.64
2026-05-12 12:16:13.052,140.7,91.21,8.53
2026-05-12 12:16:14.052,141.25,91.24,8.42
2026-05-12 12:16:15.052,141.76,91.27,8.32
2026-05-12 12:16:16.052,142.22,91.3,8.21
2026-05-12 12:16:17.052,142.62,91.33,8.11
2026-05-12 12:16:18.052,142.97,91.37,8.01
2026-05-12 12:16:19.052,143.24,91.4,7.92
2026-05-12 12:16:20.052,143.45,91.44,7.83
2026-05-12 12:16:21.052,143.58,91.48,7.74
2026-05-12 12:16:22.052,143.64,91.52,7.65
2026-05-12 12:16:23.052,143.62,91.56,7.57
2026-05-12 12:16:24.052,143.52,91.61,7.5
2026-05-12 12:16:25.052,143.35,91.66,7.43
2026-05-12 12:16:26.052,143.1,91.7,7.36
2026-05-12 12:16:27.052,142.78,91.75,7.3
2026-05-12 12:16:28.052,142.39,91.8,7.24
2026-05-12 12:16:29.052,141.94,91.85,7.19
2026-05-12 12:16:30.052,141.43,91.91,7.15
2026-05-12 12:16:31.052,140.86,91.96,7.11
2026-05-12 12:16:32.052,140.25,92.02,7.08
2026-05-12 12:16:33.052,139.59,92.07,7.05
2026-05-12 12:16:34.052,138.9,92.13,7.03
